epNum,airDate,extra_info,round_name,coord,category,order,value,daily_double,question,answer,correctAttempts,wrongAttempts
9485,2026-01-23,2026 Tournament of Champions quarterfinal game 5.,Jeopardy,"(1, 1)",A RANDOM 5-COURSE MEAL,28,"(200,)",False,"This type of uncooked soup from Andalusia for you! Martha Stewart recommends ""a few shavings of Manchego cheese""",gazpacho,0,0
9485,2026-01-23,2026 Tournament of Champions quarterfinal game 5.,Jeopardy,"(2, 1)",TREE-POURRI,24,"(200,)",False,"From a Spanish word for ""raft"", this tree yields an extremely lightweight wood that's been used in making rafts",balsa,0,0
9485,2026-01-23,2026 Tournament of Champions quarterfinal game 5.,Jeopardy,"(3, 1)",ASIAN GEOGRAPHY,27,"(200,)",False,"The largest continuous area of sand in the world, the Rub' al-Khali Desert is mainly in this country",Saudi Arabia,0,0
9485,2026-01-23,2026 Tournament of Champions quarterfinal game 5.,Jeopardy,"(4, 1)",NUMERIC WORDS & PHRASES,26,"(200,)",False,"A brief period is being described when these 2 words precede ""of a lamb's tail""",two shakes,0,0
9485,2026-01-23,2026 Tournament of Champions quarterfinal game 5.,Jeopardy,"(5, 1)",I CAN ADAPT,29,"(200,)",False,"This semiaquatic Aussie creature has fur keeping it dry as it swims, & that snout is really efficient--it's not just a divine joke",a platypus,0,0
9485,2026-01-23,2026 Tournament of Champions quarterfinal game 5.,Jeopardy,"(6, 1)",21st CENTURY GAME SHOWS,30,"(200,)",False,"The New York Times described this show hosted by Jeff Foxworthy as ""duncey adults match wits, sort of with children""",Are You Smarter than a 5th Grader?,0,0
9485,2026-01-23,2026 Tournament of Champions quarterfinal game 5.,Jeopardy,"(1, 2)",A RANDOM 5-COURSE MEAL,20,"(400,)",False,"They're more like lobster than shrimp, but anyway, I'm up for an app of the shellfish called Dublin Bay these",langoustine (prawns),0,0
9485,2026-01-23,2026 Tournament of Champions quarterfinal game 5.,Jeopardy,"(2, 2)",TREE-POURRI,14,"(400,)",False,"As an expression of grief in the aftermath of World War I, Monet did a series of paintings of these trees at Giverny",weeping willows,0,0
9485,2026-01-23,2026 Tournament of Champions quarterfinal game 5.,Jeopardy,"(3, 2)",ASIAN GEOGRAPHY,21,"(400,)",False,The Mekong port city of Luang Prabang in this nation is home to Mount Phou Si where a footprint of Buddha is enshrined,Laos,0,0
9485,2026-01-23,2026 Tournament of Champions quarterfinal game 5.,Jeopardy,"(4, 2)",NUMERIC WORDS & PHRASES,22,"(400,)",False,A chef calls a certain number when out of a dish; this is the number called when that item is back on the menu,68,0,0
9485,2026-01-23,2026 Tournament of Champions quarterfinal game 5.,Jeopardy,"(5, 2)",I CAN ADAPT,23,"(400,)",False,"...sort of! It's armored up with plates called the carapace but sadly, the 9-banded this is still known as the ""Texas speedbump""",armadillo,0,0
9485,2026-01-23,2026 Tournament of Champions quarterfinal game 5.,Jeopardy,"(6, 2)",21st CENTURY GAME SHOWS,25,"(400,)",False,"Meghan Markle & Chrissy Teigen both got their start as ""Briefcase Girls"" (seriously, they call them that) on this show",Deal or No Deal,0,0
9485,2026-01-23,2026 Tournament of Champions quarterfinal game 5.,Jeopardy,"(1, 3)",A RANDOM 5-COURSE MEAL,19,"(600,)",False,"Oui, let's go with this salad that includes French green beans, herbs, tuna & hard-boiled eggs",Niçoise,0,0
9485,2026-01-23,2026 Tournament of Champions quarterfinal game 5.,Jeopardy,"(2, 3)",TREE-POURRI,13,"(600,)",False,"Andrew Jackson's troops nicknamed him ""Old"" this, a comparison of his toughness to the wood of a certain tree",Hickory,0,0
9485,2026-01-23,2026 Tournament of Champions quarterfinal game 5.,Jeopardy,"(3, 3)",ASIAN GEOGRAPHY,2,"(600,)",False,"Important to the world's oil supply & seaborne shipping, this strait separates Oman & Iran",(Strait of) Hormuz,0,0
9485,2026-01-23,2026 Tournament of Champions quarterfinal game 5.,Jeopardy,"(4, 3)",NUMERIC WORDS & PHRASES,6,"(600,)",False,"On CB radio, if you want to know someone's location, you ask, ""What's your"" this number",20,0,0
9485,2026-01-23,2026 Tournament of Champions quarterfinal game 5.,Jeopardy,"(5, 3)",I CAN ADAPT,17,"(600,)",False,1 type of the leaf-tailed this reptile uses its tail when lying flat to look like moss or lichen; the Brit accent from TV isn't adaptive,a gecko,0,0
9485,2026-01-23,2026 Tournament of Champions quarterfinal game 5.,Jeopardy,"(6, 3)",21st CENTURY GAME SHOWS,18,"(600,)",False,"No trivia questions, just hyper-realistic baking on the Netflix game show whose title asks this peculiar question",Is It Cake?,0,0
9485,2026-01-23,2026 Tournament of Champions quarterfinal game 5.,Jeopardy,"(1, 4)",A RANDOM 5-COURSE MEAL,16,"(800,)",False,Mushroom & veggies are an excellent choice for this type of pressed sandwich with an Italian name,panini,0,0
9485,2026-01-23,2026 Tournament of Champions quarterfinal game 5.,Jeopardy,"(2, 4)",TREE-POURRI,11,"(800,)",False,"Arz el-Rab, or the Cedars of God, are what's left of an ancient cedar forest in this nation",Lebanon,0,0
9485,2026-01-23,2026 Tournament of Champions quarterfinal game 5.,Jeopardy,"(3, 4)",ASIAN GEOGRAPHY,1,"(800,)",False,"The building of this sacred structure in the holy city of Amritsar was begun by Arjan, the fifth Sikh guru",the Golden Temple,0,0
9485,2026-01-23,2026 Tournament of Champions quarterfinal game 5.,Jeopardy,"(4, 4)",NUMERIC WORDS & PHRASES,3,"(800,)",False,Surgeons & seamstresses cling to this 18th century proverb that says careful work now will prevent patch-up work later,a stitch in time saves nine,0,0
9485,2026-01-23,2026 Tournament of Champions quarterfinal game 5.,Jeopardy,"(5, 4)",I CAN ADAPT,4,"(800,)",False,"Nocturnal fruit-eating cave dwellers, oilbirds navigate using this 12-letter sensory system",echolocation,0,0
9485,2026-01-23,2026 Tournament of Champions quarterfinal game 5.,Jeopardy,"(6, 4)",21st CENTURY GAME SHOWS,10,"(800,)",False,Contestants navigate an extreme obstacle course to win a cash prize on this show where spectacular failure is right there in the title,Wipeout,0,0
9485,2026-01-23,2026 Tournament of Champions quarterfinal game 5.,Jeopardy,"(1, 5)",A RANDOM 5-COURSE MEAL,15,"(1000,)",False,"The cheese plate includes slices of Havarti, originally from this country; let's get one for the table",Denmark,0,0
9485,2026-01-23,2026 Tournament of Champions quarterfinal game 5.,Jeopardy,"(2, 5)",TREE-POURRI,12,"(2000,)",True,"Its name meaning ""enlightenment"", this type of fig tree is sacred to both Hindus & Buddhists",the Bodhi tree,0,0
9485,2026-01-23,2026 Tournament of Champions quarterfinal game 5.,Jeopardy,"(3, 5)",ASIAN GEOGRAPHY,5,"(1000,)",False,"Found east of the Gulf of Tonkin in the South China Sea, it's the People's Republic of China's only tropical island",Hainan,0,0
9485,2026-01-23,2026 Tournament of Champions quarterfinal game 5.,Jeopardy,"(4, 5)",NUMERIC WORDS & PHRASES,7,"(1000,)",False,This 4-digit number taken from California's Welfare & Institutions Code now has come to refer to anyone unstable,5150,0,0
9485,2026-01-23,2026 Tournament of Champions quarterfinal game 5.,Jeopardy,"(5, 5)",I CAN ADAPT,8,"(1000,)",False,"A cephalopod like the squid & octopus, this creature can let loose with a colored ink secretion when chased by a predator",a cuttlefish,0,0
9485,2026-01-23,2026 Tournament of Champions quarterfinal game 5.,Jeopardy,"(6, 5)",21st CENTURY GAME SHOWS,9,"(1000,)",False,"This show hosted by comedian Ben Bailey survived the rise of rideshare apps but sadly, not the people-staying-home of the pandemic",Cash Cab,0,0
9485,2026-01-23,2026 Tournament of Champions quarterfinal game 5.,Double Jeopardy,"(1, 1)",MILITARY HISTORY,27,"(400,)",False,It's the name of the operation to expel invading Iraqi forces from Kuwait in 1991,Desert Storm,0,0
9485,2026-01-23,2026 Tournament of Champions quarterfinal game 5.,Double Jeopardy,"(2, 1)",A BASIC CATEGORY,28,"(400,)",False,"Daniel Handler published ""The Basic Eight"" under his own name before using this pen name for ""A Series of Unfortunate Events""",Lemony Snicket,0,0
9485,2026-01-23,2026 Tournament of Champions quarterfinal game 5.,Double Jeopardy,"(3, 1)",COLORFUL LIT,30,"(400,)",False,Color in the titles of a classic novel set in Puritan New England & a swashbuckling novel set in the French Revolution,scarlet,0,0
9485,2026-01-23,2026 Tournament of Champions quarterfinal game 5.,Double Jeopardy,"(4, 1)",DEBUT ALBUMS,22,"(400,)",False,"3 years prior to ""Back to Black"", she released ""Frank"", the title in tribute to Frank Sinatra",Amy Winehouse,0,0
9485,2026-01-23,2026 Tournament of Champions quarterfinal game 5.,Double Jeopardy,"(5, 1)","GOING ""PRO""",25,"(400,)",False,"It's the original model on which something is based, like Motorola's first portable phone, the 2+ lb. DynaTAC in 1973",prototype,0,0
9485,2026-01-23,2026 Tournament of Champions quarterfinal game 5.,Double Jeopardy,"(6, 1)",NATIONAL ANTHEM LORE,29,"(400,)",False,"A marching song composed in 1792, it was originally called ""Chant de Guerre pour l'Armée du Rhin""","""The Marseillaise""",0,0
9485,2026-01-23,2026 Tournament of Champions quarterfinal game 5.,Double Jeopardy,"(1, 2)",MILITARY HISTORY,26,"(800,)",False,"The Guerra Grande, or Ten Years' War of 1868 to 1878, was the first of 3 this Caribbean island would fight to gain freedom from Spain",Cuba,0,0
9485,2026-01-23,2026 Tournament of Champions quarterfinal game 5.,Double Jeopardy,"(2, 2)",A BASIC CATEGORY,24,"(800,)",False,"The 4 basic or fundamental forces in physics are electromagnetic, gravitational & these 2 that sound like opposites",strong & weak,0,0
9485,2026-01-23,2026 Tournament of Champions quarterfinal game 5.,Double Jeopardy,"(3, 2)",COLORFUL LIT,23,"(800,)",False,"This title character first appears in an 1891 novel ""wonderfully handsome"" & ""unspotted from the world""",Dorian Gray,0,0
9485,2026-01-23,2026 Tournament of Champions quarterfinal game 5.,Double Jeopardy,"(4, 2)",DEBUT ALBUMS,21,"(800,)",False,"According to Rolling Stone, their ""Appetite for Destruction"" was the biggest-selling debut album of the 1980s",Guns N' Roses,0,0
9485,2026-01-23,2026 Tournament of Champions quarterfinal game 5.,Double Jeopardy,"(5, 2)","GOING ""PRO""",14,"(800,)",False,From 1881 to 1956 Tunisia was this type of French territory,a protectorate,0,0
9485,2026-01-23,2026 Tournament of Champions quarterfinal game 5.,Double Jeopardy,"(6, 2)",NATIONAL ANTHEM LORE,16,"(800,)",False,"It began using ""Patria"" in 1975 after independence from Portugal & adopted it in 2002 after independence from Indonesia",Timor-Leste (East Timor),0,0
9485,2026-01-23,2026 Tournament of Champions quarterfinal game 5.,Double Jeopardy,"(1, 3)",MILITARY HISTORY,10,"(1200,)",False,"The son of Darius, this Persian king waged war against Greece with an army Herodotus said was over five million strong",Xerxes,0,0
9485,2026-01-23,2026 Tournament of Champions quarterfinal game 5.,Double Jeopardy,"(2, 3)",A BASIC CATEGORY,3,"(1200,)",False,Joe Eszterhas wrote this 1992 film & announced plans for a TV reboot in 2025,Basic Instinct,0,0
9485,2026-01-23,2026 Tournament of Champions quarterfinal game 5.,Double Jeopardy,"(3, 3)",COLORFUL LIT,4,"(7000,)",True,"""The wide corridor up the center of E Block was floored with linoleum the color of tired old limes"" in this 1996 bestseller",The Green Mile,0,0
9485,2026-01-23,2026 Tournament of Champions quarterfinal game 5.,Double Jeopardy,"(4, 3)",DEBUT ALBUMS,20,"(1200,)",False,"In 2014, she won the Grammy for Best Country Album with her major label debut, ""Same Trailer Different Park""",Kacey Musgraves,0,0
9485,2026-01-23,2026 Tournament of Champions quarterfinal game 5.,Double Jeopardy,"(5, 3)","GOING ""PRO""",9,"(1200,)",False,"It's been defined as ""any long flexible snout"" & informally as ""a person's nose, especially if large""",proboscis,0,0
9485,2026-01-23,2026 Tournament of Champions quarterfinal game 5.,Double Jeopardy,"(6, 3)",NATIONAL ANTHEM LORE,11,"(1200,)",False,Bernardo de Vera y Pintado was commissioned to write Chile's anthem after this guy with the same first name led them to freedom,Bernardo O'Higgins,0,0
9485,2026-01-23,2026 Tournament of Champions quarterfinal game 5.,Double Jeopardy,"(1, 4)",MILITARY HISTORY,7,"(3000,)",True,"The largest of the Ryukyu Islands, it was the site of a grueling 1945 battle with 12,000 American & 100,000 Japanese troops killed",Okinawa,0,0
9485,2026-01-23,2026 Tournament of Champions quarterfinal game 5.,Double Jeopardy,"(2, 4)",A BASIC CATEGORY,19,"(1600,)",False,"Navy SEALs might be buds, but they also undergo a training program called BUD/S, standing for Basic these 2 words / SEAL",Underwater Demolition,0,0
9485,2026-01-23,2026 Tournament of Champions quarterfinal game 5.,Double Jeopardy,"(3, 4)",COLORFUL LIT,18,"(1600,)",False,"In this classic by Charlotte Perkins Gilman, a woman sees a human form in the title decor, peeling in her room",The Yellow Wallpaper,0,0
9485,2026-01-23,2026 Tournament of Champions quarterfinal game 5.,Double Jeopardy,"(4, 4)",DEBUT ALBUMS,17,"(1600,)",False,"With their 1990 debut, Terry Ellis, Cindy Herron, Maxine Jones & Dawn Robinson, aka this group, showed they were born to sing",En Vogue,0,0
9485,2026-01-23,2026 Tournament of Champions quarterfinal game 5.,Double Jeopardy,"(5, 4)","GOING ""PRO""",5,"(1600,)",False,"Appearing before quod in a Latin phrase, by itself it means a stipulation added to an agreement",proviso,0,0
9485,2026-01-23,2026 Tournament of Champions quarterfinal game 5.,Double Jeopardy,"(6, 4)",NATIONAL ANTHEM LORE,1,"(1600,)",False,"This Bengali poet did double duty, composing the anthems of both India & Bangladesh",Rabindranath Tagore,0,0
9485,2026-01-23,2026 Tournament of Champions quarterfinal game 5.,Double Jeopardy,"(1, 5)",MILITARY HISTORY,6,"(2000,)",False,In 1759 the British captured Quebec in the French & Indian War as a result of the Battle of these Plains on the edge of the city,Abraham,0,0
9485,2026-01-23,2026 Tournament of Champions quarterfinal game 5.,Double Jeopardy,"(2, 5)",A BASIC CATEGORY,15,"(2000,)",False,"The Modern Library's anthology called ""Basic Writings of Existentialism"" includes an excerpt from his ""Myth of Sisyphus""",Camus,0,0
9485,2026-01-23,2026 Tournament of Champions quarterfinal game 5.,Double Jeopardy,"(3, 5)",COLORFUL LIT,13,"(2000,)",False,"The title of this classic Harlem Renaissance novel is from a folk saying that ends, ""the sweeter the juice""",The Blacker the Berry,0,0
9485,2026-01-23,2026 Tournament of Champions quarterfinal game 5.,Double Jeopardy,"(4, 5)",DEBUT ALBUMS,12,"(2000,)",False,"One of Britain's biggest bands of the early 2000s, they broke the ice with ""Whatever People Say I Am, That's What I'm Not""",the Arctic Monkeys,0,0
9485,2026-01-23,2026 Tournament of Champions quarterfinal game 5.,Double Jeopardy,"(5, 5)","GOING ""PRO""",8,"(2000,)",False,This hormone that's produced by the pituitary gland induces milk production in nursing mothers,prolactin,0,0
9485,2026-01-23,2026 Tournament of Champions quarterfinal game 5.,Double Jeopardy,"(6, 5)",NATIONAL ANTHEM LORE,2,"(2000,)",False,"This ""Sabre Dance"" composer wrote the music for the Armenian anthem that was used until 1991",Khachaturian,0,0
9485,2026-01-23,2026 Tournament of Champions quarterfinal game 5.,Final Jeopardy,"(1, 1)",CAPITAL CITIES,0,(),False,One of the 2 Canadian provincial capitals that share their names with a nation's capital city,"(1 of) Victoria, British Columbia or St. John's, Newfoundland and Labrador",0,0
